Energy (keV),Area,Q
122.3952,898.6987673795938,0.05991968015683445
245.4096,153.85399791600506,0.038648130060239504
345.1008,355.1860276238243,0.025285933703056325
411.9744,23.99299465820411,0.02027865055206164
444.9984,30.55139527873298,0.01849250325381041
779.3664,72.97569413168313,0.01064272731166895
